Customer_ID,Recency,Frequency,AOV,LTV,Predicted_LTV,Customer_Segment
1001,9,14,8957.522142857142,125405.31,128817.44669999985,High LTV
1002,59,10,6240.645,62406.450000000004,62307.79530000008,Medium LTV
1003,181,9,6730.165555555555,60571.49,58018.92670000001,Low LTV
1004,110,10,8307.592,83075.92,82805.19619999995,Medium LTV
1005,25,15,9749.974666666667,146249.62,146244.17709999983,High LTV
1006,538,4,6934.8625,27739.45,29310.97810000003,Low LTV
1007,49,11,9112.196363636363,100234.16,101016.63030000009,High LTV
1008,28,14,7012.251428571428,98171.51999999999,97457.39259999986,High LTV
1009,287,9,6362.512222222223,57262.61,56247.85420000003,Low LTV
1010,191,9,3500.871111111111,31507.84,33634.36510000002,Low LTV
1011,207,7,5939.692857142857,41577.85,42104.09290000005,Low LTV
1012,24,18,6439.917222222222,115918.51,104434.77050000006,High LTV
1013,0,10,9678.884,96788.84,97477.72999999994,High LTV
1014,181,14,8178.859285714286,114504.03,112688.74689999994,High LTV
1015,87,9,8283.688888888888,74553.2,74592.6981000001,Medium LTV
1016,2,6,10366.035000000002,62196.21000000001,68200.51700000005,Medium LTV
1017,23,12,6081.724999999999,72980.7,73214.92950000013,Medium LTV
1018,202,4,9225.162499999999,36900.649999999994,38809.87529999996,Low LTV
1019,11,10,6568.827,65688.27,65257.51010000007,Medium LTV
1020,24,13,8513.186153846154,110671.42,110928.61159999999,High LTV
1021,33,12,9077.602499999999,108931.23,107728.34380000012,High LTV
1022,14,9,5042.514444444444,45382.63,45294.73379999998,Low LTV
1023,6,8,4694.635,37557.08,38950.47420000001,Low LTV
1024,179,4,11744.609999999999,46978.439999999995,48628.883800000025,Low LTV
1025,9,14,6529.477857142857,91412.69,91285.25760000008,High LTV
1026,86,9,8633.016666666666,77697.15,77515.99630000009,Medium LTV
1027,272,7,6653.395714285715,46573.770000000004,46698.950799999984,Low LTV
1028,60,10,6330.143,63301.43,63251.116399999984,Medium LTV
1029,198,10,7505.147999999999,75051.48,74984.10810000013,Medium LTV
1030,10,8,8080.745,64645.96,65127.238899999975,Medium LTV
1031,44,5,6434.046,32170.23,33559.7614,Low LTV
1032,127,5,3534.048,17670.239999999998,18243.8,Low LTV
1033,388,4,7844.67,31378.68,32212.225800000033,Low LTV
1034,116,8,5640.6775,45125.42,46215.30010000001,Low LTV
1035,7,15,9246.367333333334,138695.51,139799.39679999987,High LTV
1036,161,10,9133.458999999999,91334.59,92331.10239999995,High LTV
1037,8,10,8628.55,86285.5,86345.51760000004,Medium LTV
1038,85,11,7541.880909090909,82960.69,83039.68720000009,Medium LTV
1039,60,19,7789.344210526317,147997.54,145957.94299999968,High LTV
1040,129,9,5718.016666666666,51462.15,51037.408500000005,Low LTV
1041,52,13,6938.46076923077,90199.99,90620.2246000001,High LTV
1042,34,15,9773.219333333334,146598.29,146802.04669999974,High LTV
1043,76,7,6328.9800000000005,44302.86,44244.91299999998,Low LTV
1044,136,9,12823.894444444444,115415.05,110769.36910000004,High LTV
1045,3,6,7437.113333333334,44622.68,44499.50320000002,Low LTV
1046,24,10,11880.538,118805.38,118192.95260000014,High LTV
1047,26,16,6883.059375,110128.95,103748.88220000008,High LTV
1048,18,6,3855.465,23132.79,24903.107500000027,Low LTV
1049,56,13,5644.5199999999995,73378.76,74338.34309999988,Medium LTV
1050,91,8,11603.838749999999,92830.70999999999,93053.80510000004,High LTV
1051,34,14,6524.405714285714,91341.68,91497.15729999995,High LTV
1052,227,6,8061.588333333333,48369.53,49061.42329999995,Low LTV
1053,315,9,5476.954444444444,49292.59,49409.559099999955,Low LTV
1054,13,11,6557.219090909091,72129.41,72128.28180000008,Medium LTV
1055,132,9,8766.608888888888,78899.48,78858.45170000009,Medium LTV
1056,49,5,3199.7400000000002,15998.7,15352.496199999989,Low LTV
1057,11,6,9307.995,55847.97,55753.717499999984,Low LTV
1058,138,10,6750.002,67500.02,67636.48319999989,Medium LTV
1059,37,12,5870.858333333334,70450.3,70692.27259999991,Medium LTV
1060,120,10,8176.764,81767.64,81911.04359999987,Medium LTV
1061,3,10,6330.6050000000005,63306.05,63261.52889999994,Medium LTV
1062,56,11,8822.600909090908,97048.61,96876.05770000002,High LTV
1063,16,15,5850.174666666667,87752.62,86637.24070000002,Medium LTV
1064,27,6,11037.958333333334,66227.75,66032.53850000002,Medium LTV
1065,9,9,6942.164444444444,62479.479999999996,62322.18960000009,Medium LTV
1066,2,11,7818.114545454545,85999.26,88811.47629999988,High LTV
1067,9,9,5110.541111111111,45994.869999999995,45725.93940000003,Low LTV
1068,36,9,6996.411111111111,62967.7,63252.15440000011,Medium LTV
1069,36,13,8089.958461538462,105169.46,105725.22310000002,High LTV
1070,22,9,8690.64,78215.76,77748.63070000005,Medium LTV
1071,181,2,12213.92,24427.84,51742.10370000002,Low LTV
1072,4,12,9795.25,117543.0,117799.32650000002,High LTV
1073,54,10,8036.710000000001,80367.1,80488.51019999995,Medium LTV
1074,134,5,7259.632,36298.159999999996,36397.30029999996,Low LTV
1075,5,14,7641.136428571429,106975.91,107162.97900000006,High LTV
1076,84,13,5523.533846153847,71805.94,71084.78549999991,Medium LTV
1077,38,6,5162.585,30975.510000000002,31055.39120000005,Low LTV
1078,171,9,6168.883333333333,55519.95,53211.142500000016,Low LTV
1079,139,6,10628.266666666666,63769.6,66161.74799999999,Medium LTV
1080,239,5,6553.056,32765.28,32338.26760000001,Low LTV
1081,58,9,10833.833333333334,97504.5,96329.9485,High LTV
1082,19,12,10648.311666666666,127779.74,127381.92480000017,High LTV
1083,3,5,2860.168,14300.84,15455.569899999991,Low LTV
1084,60,15,5495.11,82426.65,80931.46490000011,Medium LTV
1085,133,5,10229.062,51145.31,54952.39879999998,Low LTV
1086,94,14,6430.884285714286,90032.38,89081.7075,High LTV
1087,39,9,6361.348888888889,57252.14,56143.265500000045,Low LTV
1088,197,4,6003.8375,24015.35,25667.917300000023,Low LTV
1089,96,10,10307.085000000001,103070.85,104670.4952999999,High LTV
1090,68,14,7229.85,101217.90000000001,100962.54200000002,High LTV
1091,27,3,9701.42,29104.26,41054.562900000004,Low LTV
1092,19,14,6275.6335714285715,87858.87,88164.35419999999,High LTV
1093,59,9,7506.042222222222,67554.38,67357.68529999992,Medium LTV
1094,528,3,13207.683333333334,39623.05,55572.14510000004,Low LTV
1095,197,10,8703.884,87038.84,86927.81769999996,Medium LTV
1096,246,9,8759.062222222223,78831.56,78902.64329999994,Medium LTV
1097,136,7,6694.354285714287,46860.48,46712.46300000003,Low LTV
1098,144,12,8182.193333333333,98186.31999999999,97021.75310000006,High LTV
1099,30,15,6561.102,98416.53,97777.00209999995,High LTV
1100,50,9,5550.16,49951.44,49892.84050000003,Low LTV
1101,27,15,8702.94,130544.1,133620.27749999985,High LTV
1102,22,10,10739.148,107391.48,110550.65010000009,High LTV
1103,68,8,3763.79875,30110.39,30180.510200000015,Low LTV
1104,6,13,6381.63923076923,82961.31,83306.94879999988,Medium LTV
1105,62,7,7354.272857142858,51479.91,50865.474699999926,Low LTV
1106,75,10,11108.947,111089.47,111905.0967000001,High LTV
1107,55,9,7316.807777777778,65851.27,66177.59469999991,Medium LTV
1108,23,12,6133.640833333334,73603.69,73429.53810000009,Medium LTV
1109,34,11,6288.495454545454,69173.45,70072.55990000004,Medium LTV
1110,94,5,11130.45,55652.25,57109.404800000004,Low LTV
1111,0,15,10756.062,161340.93,158514.7277999999,High LTV
1112,145,8,6776.8825,54215.06,54761.31919999997,Low LTV
1113,10,18,5186.848333333333,93363.27,92489.44289999986,High LTV
1114,14,9,8918.372222222222,80265.35,79430.15149999996,Medium LTV
1115,106,6,8598.541666666666,51591.25,52089.89260000001,Low LTV
1116,17,10,8712.258,87122.58,87008.77150000006,Medium LTV
1117,27,16,7621.468125,121943.49,120498.55790000009,High LTV
1118,51,14,8272.341428571428,115812.78,115000.20619999991,High LTV
1119,181,10,7730.884,77308.84,77972.34059999992,Medium LTV
1120,94,11,6678.07909090909,73458.87,73432.07950000007,Medium LTV
1121,99,8,7722.025000000001,61776.200000000004,61789.30780000009,Medium LTV
1122,40,12,6380.779166666666,76569.34999999999,75981.98039999993,Medium LTV
1123,3,5,7538.384,37691.92,37680.68689999996,Low LTV
1124,39,10,5704.788,57047.88,58226.95599999996,Low LTV
1125,31,10,7390.820999999999,73908.20999999999,73626.02999999994,Medium LTV
1126,13,13,6066.430769230768,78863.59999999999,78986.46519999988,Medium LTV
1127,7,11,4412.888181818183,48541.770000000004,50575.04059999997,Low LTV
1128,7,12,7338.895833333333,88066.75,87870.97349999998,Medium LTV
1129,126,11,8282.22090909091,91104.43,92051.2856999999,High LTV
1130,224,14,9550.632142857143,133708.85,133208.72849999985,High LTV
1131,118,12,9824.308333333332,117891.7,117286.99969999993,High LTV
1132,85,8,8412.555,67300.44,68874.42500000003,Medium LTV
1133,122,12,7167.072499999999,86004.87,85526.28020000005,Medium LTV
1134,38,11,7600.201818181818,83602.22,85150.12999999995,Medium LTV
1135,9,5,7296.502,36482.51,36957.01729999992,Low LTV
1136,8,13,8192.426153846154,106501.54000000001,106764.4615999999,High LTV
1137,126,8,8152.615,65220.92,65502.02589999998,Medium LTV
1138,142,7,6285.057142857143,43995.4,44088.86569999996,Low LTV
1139,30,6,10316.068333333335,61896.41,63618.88270000005,Medium LTV
1140,26,5,4457.544,22287.72,21445.049499999986,Low LTV
1141,8,11,8519.706363636364,93716.77,94053.69389999982,High LTV
1142,79,10,6878.492,68784.92,68678.77039999992,Medium LTV
1143,63,14,10394.765714285715,145526.72,144844.45170000018,High LTV
1144,1,13,5853.836923076923,76099.88,77442.6880999999,Medium LTV
1145,2,13,6524.801538461538,84822.42,85401.54779999996,Medium LTV
1146,55,12,7793.970833333333,93527.65,93980.18730000012,High LTV
1147,16,18,8640.517222222223,155529.31,150533.45620000013,High LTV
1148,48,13,7248.84,94234.92,94751.5319,High LTV
1149,25,14,5925.391428571429,82955.48000000001,83881.05799999998,Medium LTV
1150,102,10,4358.237,43582.37,44516.24860000005,Low LTV
1151,200,10,5579.705,55797.05,56010.98109999994,Low LTV
1152,12,18,7652.75611111111,137749.61,134640.4396999999,High LTV
1153,68,11,8427.723636363635,92704.95999999999,92943.84690000005,High LTV
1154,23,18,5917.85,106521.3,101461.17590000002,High LTV
1155,42,7,11809.824285714287,82668.77,72956.54989999997,Medium LTV
1156,49,9,5188.585555555555,46697.27,46320.480300000025,Low LTV
1157,48,10,9475.145,94751.45,94901.97079999998,High LTV
1158,67,15,5158.308,77374.62,78401.19880000007,Medium LTV
1159,179,6,6170.850000000001,37025.100000000006,37388.71980000006,Low LTV
1160,51,17,7746.672352941176,131693.43,133559.03069999983,High LTV
1161,65,17,6505.570588235294,110594.7,106715.18379999997,High LTV
1162,2,9,4908.217777777779,44173.96000000001,45431.01979999999,Low LTV
1163,11,12,6138.876666666667,73666.52,73534.36639999988,Medium LTV
1164,7,15,5810.906666666667,87163.6,86935.94139999991,Medium LTV
1165,28,10,8899.076,88990.76,88804.78079999989,High LTV
1166,59,7,7215.584285714285,50509.09,50154.97939999994,Low LTV
1167,50,8,7816.26,62530.08,62394.98370000007,Medium LTV
1168,70,7,7439.655714285714,52077.59,51953.82349999996,Low LTV
1169,12,6,12764.036666666667,76584.22,76359.10949999998,Medium LTV
1170,39,11,8508.802727272727,93596.83,94064.88560000007,High LTV
1171,14,6,7704.91,46229.46,46597.321999999986,Low LTV
1172,52,11,6749.188181818181,74241.06999999999,74310.61080000005,Medium LTV
1173,4,17,3891.752352941176,66159.79,72714.65759999995,Medium LTV
1174,67,8,6477.123750000001,51816.990000000005,52439.164,Low LTV
1175,18,9,12196.427777777779,109767.85,106660.79319999991,High LTV
1176,45,9,8182.472222222223,73642.25,73029.73650000001,Medium LTV
1177,66,12,6520.279166666666,78243.34999999999,78153.46949999993,Medium LTV
1178,135,12,6163.231666666667,73958.78,74301.53750000002,Medium LTV
1179,20,9,8486.183333333332,76375.65,76047.10600000006,Medium LTV
1180,116,8,6258.48125,50067.85,49931.825900000025,Low LTV
1181,208,8,8477.21875,67817.75,69750.48830000007,Medium LTV
1182,159,6,5662.45,33974.7,34492.74220000005,Low LTV
1183,22,12,10160.905,121930.86,120477.40360000003,High LTV
1184,0,10,7504.146000000001,75041.46,75045.5897,Medium LTV
1185,324,3,856.0133333333333,2568.04,5815.349899999998,Low LTV
1186,180,8,6644.41625,53155.33,52899.1751,Low LTV
1187,424,7,7239.661428571429,50677.63,50053.598399999944,Low LTV
1188,1,17,7267.792941176471,123552.48,118852.03940000021,High LTV
1189,15,7,6857.112857142857,47999.79,47921.80410000001,Low LTV
1190,77,13,5634.164615384615,73244.14,73861.54289999987,Medium LTV
1191,6,10,6829.276,68292.76,68659.3820999999,Medium LTV
1192,20,17,5967.744705882353,101451.66,99146.95890000004,High LTV
1193,48,5,9667.244,48336.22,48832.10029999999,Low LTV
1194,7,8,5441.68875,43533.51,43823.310199999985,Low LTV
1195,52,8,7940.36375,63522.91,64050.08600000004,Medium LTV
1196,38,13,7881.572307692308,102460.44,103980.3991,High LTV
1197,134,4,4454.6775,17818.71,17819.173499999986,Low LTV
1198,146,13,11895.914615384614,154646.88999999998,149740.88250000018,High LTV
1199,154,6,7322.8550000000005,43937.130000000005,43899.43599999994,Low LTV
1200,219,5,3748.762,18743.81,18372.147600000022,Low LTV
1201,7,12,7204.913333333333,86458.95999999999,86578.32100000001,Medium LTV
1202,48,12,6482.833333333333,77794.0,77412.09499999999,Medium LTV
1203,20,9,10024.102222222222,90216.92,90075.59709999998,High LTV
1204,12,6,7897.88,47387.28,47619.21629999997,Low LTV
1205,158,4,7696.327499999999,30785.309999999998,33324.77200000001,Low LTV
1206,100,7,3841.4314285714286,26890.02,27867.456900000023,Low LTV
1207,106,6,7177.798333333333,43066.79,43497.214100000005,Low LTV
1208,14,8,9987.17625,79897.41,80907.46490000004,Medium LTV
1209,188,5,11735.536,58677.68,58694.29309999996,Low LTV
1210,61,8,7633.3637499999995,61066.909999999996,61662.398200000076,Low LTV
1211,120,6,11553.133333333333,69318.8,68345.65789999992,Medium LTV
1212,113,4,5123.6475,20494.59,20520.9694,Low LTV
1213,56,13,6463.790769230769,84029.28,84603.48330000002,Medium LTV
1214,14,13,7400.549999999999,96207.15,96221.50940000007,High LTV
1215,67,14,7679.619285714286,107514.67,107655.60169999996,High LTV
1216,21,12,7738.961666666666,92867.54,93936.86839999992,High LTV
1217,158,11,10072.936363636363,110802.3,110920.68840000007,High LTV
1218,80,12,5704.159166666667,68449.91,67766.74570000004,Medium LTV
1219,19,6,5516.166666666667,33097.0,33627.51310000001,Low LTV
1220,129,14,5922.273571428572,82911.83,83198.88530000004,Medium LTV
1221,181,6,7896.855,47381.13,47488.54509999993,Low LTV
1222,11,10,7803.058999999999,78030.59,78510.95379999993,Medium LTV
1223,56,14,9544.808571428572,133627.32,133606.14040000012,High LTV
1224,37,13,6051.804615384614,78673.45999999999,78744.59279999993,Medium LTV
1225,16,10,9299.112,92991.12,92984.66459999996,High LTV
1226,119,13,7706.496923076922,100184.45999999999,101162.96180000009,High LTV
1227,96,17,8047.82294117647,136812.99,136168.7423,High LTV
1228,22,10,8715.636999999999,87156.37,87048.66430000005,Medium LTV
1229,180,13,7671.1038461538465,99724.35,100697.53389999994,High LTV
1230,184,5,5732.854,28664.27,28776.067000000017,Low LTV
1231,164,12,5754.493333333333,69053.92,69166.40129999997,Medium LTV
1232,8,9,5311.713333333333,47805.42,47662.76559999997,Low LTV
1233,74,14,9090.715,127270.01,128093.37979999988,High LTV
1234,2,6,11251.888333333334,67511.33,70838.03590000005,Medium LTV
1235,57,6,7861.031666666667,47166.19,47174.27349999999,Low LTV
1236,23,10,4543.825,45438.25,46089.56510000001,Low LTV
1237,78,11,8734.454545454546,96079.0,96016.2733,High LTV
1238,132,7,7618.17,53327.19,53179.00040000005,Low LTV
1239,18,12,7240.438333333333,86885.26,87063.27560000002,Medium LTV
1240,69,6,7704.375,46226.25,46456.873199999995,Low LTV
1241,79,6,12177.991666666667,73067.95,72666.52620000007,Medium LTV
1242,20,11,9540.95,104950.45000000001,105343.78569999998,High LTV
1243,63,10,7365.806,73658.06,73609.15809999993,Medium LTV
1244,256,4,3056.1749999999997,12224.699999999999,12022.709099999987,Low LTV
1245,40,6,5382.7283333333335,32296.370000000003,33085.77600000005,Low LTV
1246,25,9,8397.973333333333,75581.76,75460.8199999999,Medium LTV
1247,110,11,9788.807272727274,107676.88,108077.44000000008,High LTV
1248,112,5,7524.6759999999995,37623.38,36424.84639999996,Low LTV
1249,20,9,7922.577777777778,71303.2,70363.15350000009,Medium LTV
1250,22,11,6490.218181818182,71392.4,71456.65140000009,Medium LTV
1251,100,13,3625.3246153846153,47129.22,53563.478899999995,Low LTV
1252,30,11,9294.242727272727,102236.67,102195.3484,High LTV
1253,241,8,7105.97625,56847.81,57254.36569999993,Low LTV
1254,137,10,12270.460000000001,122704.6,120800.35299999994,High LTV
1255,91,7,7149.13,50043.91,49667.26770000001,Low LTV
1256,200,8,8693.07125,69544.57,70932.97920000003,Medium LTV
1257,7,10,8332.725,83327.25,83054.58579999999,Medium LTV
1258,58,10,7082.842999999999,70828.43,70869.12859999995,Medium LTV
1259,4,12,9220.738333333333,110648.86,110238.03939999995,High LTV
1260,5,14,11374.20642857143,159238.89,157275.70840000015,High LTV
1261,165,11,7123.215454545454,78355.37,79282.64120000007,Medium LTV
1262,41,12,5426.941666666667,65123.3,64017.642199999944,Medium LTV
1263,130,7,8579.958571428571,60059.71,58980.31709999996,Low LTV
1264,10,17,8964.190588235293,152391.24,149414.8857000001,High LTV
1265,6,8,4074.9449999999997,32599.559999999998,32904.92200000004,Low LTV
1266,61,8,8496.403750000001,67971.23000000001,68921.68690000007,Medium LTV
1267,26,13,11512.933076923076,149668.13,147307.3321000002,High LTV
1268,58,15,9692.304,145384.56,145107.46030000004,High LTV
1269,125,9,11358.727777777778,102228.55,100065.89200000004,High LTV
1270,102,9,6804.35,61239.15,60102.31830000006,Low LTV
1271,114,11,9248.452727272726,101732.98,102017.15300000014,High LTV
1272,113,5,9729.467999999999,48647.34,48134.01389999995,Low LTV
1273,30,12,5216.8125,62601.75,62440.15879999999,Medium LTV
1274,38,6,6174.201666666667,37045.21,37570.46719999999,Low LTV
1275,29,10,8375.469000000001,83754.69,83273.38890000008,Medium LTV
1276,85,5,6650.778,33253.89,33571.03400000001,Low LTV
1277,12,16,9655.956875,154495.31,151849.56230000002,High LTV
1278,36,6,5894.066666666667,35364.4,35574.90350000002,Low LTV
1279,56,7,6082.422857142857,42576.96,41385.3166,Low LTV
1280,31,10,7566.709,75667.09,76067.42629999992,Medium LTV
1281,103,9,8083.723333333332,72753.51,72298.81180000007,Medium LTV
1282,10,11,9433.796363636364,103771.76000000001,103512.00259999986,High LTV
1283,80,10,9989.336,99893.36,100177.64080000004,High LTV
1284,28,11,8784.312727272727,96627.44,97076.65430000007,High LTV
1285,38,14,5718.932857142857,80065.06,80310.43559999988,Medium LTV
1286,11,12,10228.470833333333,122741.65,121559.2586000001,High LTV
1287,15,7,9148.537142857143,64039.76,63510.223999999886,Medium LTV
1288,53,17,9974.986470588236,169574.77,160814.01519999976,High LTV
1289,113,15,9081.418666666666,136221.28,135831.67649999983,High LTV
1290,0,9,9702.79111111111,87325.12,86821.22300000004,Medium LTV
1291,78,10,5829.731,58297.31,60174.75000000001,Low LTV
1292,9,8,8449.26625,67594.13,68837.40619999998,Medium LTV
1293,184,15,4742.714666666667,71140.72,72217.116,Medium LTV
1294,16,12,8471.834166666666,101662.01,100248.87179999989,High LTV
1295,0,10,10845.494999999999,108454.95,110041.17080000005,High LTV
1296,58,7,10247.531428571428,71732.72,70349.26329999995,Medium LTV
1297,133,4,11332.9925,45331.97,47767.81670000002,Low LTV
1298,13,4,9738.5575,38954.23,40377.15520000001,Low LTV
1299,325,3,5147.426666666666,15442.279999999999,18077.270600000018,Low LTV
1300,32,7,8189.015714285714,57323.11,57300.03200000005,Low LTV
1301,57,14,9532.1,133449.4,133502.42410000015,High LTV
1302,77,16,6346.42125,101542.74,98578.30710000014,High LTV
1303,11,16,7422.489375,118759.83,114475.74960000007,High LTV
1304,23,11,5516.163636363636,60677.8,61602.37479999992,Low LTV
1305,36,15,8377.156666666668,125657.35,124493.86699999988,High LTV
1306,41,6,8246.588333333333,49479.53,50296.60639999999,Low LTV
1307,62,9,5253.854444444445,47284.69,47101.2379,Low LTV
1308,22,10,7538.812999999999,75388.12999999999,75484.17939999992,Medium LTV
1309,35,8,8648.89625,69191.17,69828.16799999999,Medium LTV
1310,26,13,7525.216153846153,97827.81,97205.06869999999,High LTV
1311,57,11,11697.9,128676.9,126237.36610000017,High LTV
1312,78,9,9471.769999999999,85245.93,85253.82599999996,Medium LTV
1313,51,13,13867.210769230769,180273.74,148413.81610000014,High LTV
1314,115,12,7945.188333333333,95342.26,95051.9544999999,High LTV
1315,41,6,7091.718333333333,42550.31,42838.996900000035,Low LTV
1316,131,14,6505.205714285715,91072.88,90756.25659999996,High LTV
1317,98,6,8311.516666666666,49869.1,50781.943999999996,Low LTV
1318,75,13,8648.516153846153,112430.70999999999,114312.05970000001,High LTV
1319,142,11,8683.704545454546,95520.75,96040.1449,High LTV
1320,13,13,8159.665384615385,106075.65000000001,106300.92550000007,High LTV
1321,44,9,9499.544444444444,85495.9,85248.60560000007,Medium LTV
1322,1,4,7873.005,31492.02,34899.4271,Low LTV
1323,13,10,7298.147,72981.47,72924.08989999995,Medium LTV
1324,32,12,8366.688333333334,100400.26000000001,97574.86839999998,High LTV
1325,15,12,9522.996666666666,114275.95999999999,115266.9919,High LTV
1326,163,10,5220.244,52202.439999999995,52433.603200000034,Low LTV
1327,10,7,8290.084285714285,58030.59,57782.55089999995,Low LTV
1328,16,13,8294.08,107823.04,108101.99519999989,High LTV
1329,17,7,8553.828571428572,59876.8,59934.05449999992,Low LTV
1330,145,11,4799.849999999999,52798.35,54177.211999999985,Low LTV
1331,62,7,7647.302857142858,53531.12,53400.11150000006,Low LTV
1332,63,7,10488.091428571428,73416.64,71507.45579999992,Medium LTV
1333,71,6,9916.655,59499.93,60290.06759999998,Low LTV
1334,95,8,6279.425,50235.4,49820.34100000004,Low LTV
1335,52,8,8240.69375,65925.55,66670.54499999998,Medium LTV
1336,130,10,7330.286999999999,73302.87,73094.45110000003,Medium LTV
1337,17,9,7401.1833333333325,66610.65,66966.452,Medium LTV
1338,29,11,10548.354545454546,116031.9,116867.37060000015,High LTV
1339,309,5,6459.378,32296.89,32316.619000000013,Low LTV
1340,66,10,4892.151,48921.509999999995,49741.08059999992,Low LTV
1341,28,11,9180.438181818181,100984.81999999999,101817.58380000007,High LTV
1342,35,14,9889.012857142856,138446.18,144226.4804999999,High LTV
1343,35,7,5469.610000000001,38287.270000000004,38623.38940000001,Low LTV
1344,43,14,10902.889285714287,152640.45,150992.28289999987,High LTV
1345,151,10,6460.094,64600.94,64568.38500000011,Medium LTV
1346,500,9,5556.076666666667,50004.69,49872.58080000001,Low LTV
1347,67,9,7014.275555555555,63128.479999999996,63283.64450000011,Medium LTV
1348,84,8,6700.0775,53600.62,53525.24030000001,Low LTV
1349,14,14,7585.817857142857,106201.45,105107.65609999998,High LTV
1350,58,12,5778.046666666666,69336.56,68954.60149999992,Medium LTV
1351,208,4,8861.9825,35447.93,37083.72510000003,Low LTV
1352,16,9,7562.512222222223,68062.61,68176.04480000003,Medium LTV
1353,76,10,9385.344000000001,93853.44,94465.58379999995,High LTV
1354,26,13,7109.403076923078,92422.24,92663.56700000013,High LTV
1355,4,10,5296.287,52962.87,52981.547100000025,Low LTV
1356,165,8,7247.099999999999,57976.799999999996,58359.61829999994,Low LTV
1357,39,8,4091.6724999999997,32733.379999999997,32400.334400000036,Low LTV
1358,1,6,16036.823333333334,96220.94,89362.90930000012,High LTV
1359,32,11,9700.084545454547,106700.93000000001,106346.86239999993,High LTV
1360,51,14,7266.953571428572,101737.35,101054.5372999999,High LTV
1361,82,11,8730.906363636364,96039.97,95963.08720000002,High LTV
1362,80,6,4356.1483333333335,26136.89,27159.628700000023,Low LTV
1363,42,9,7169.185555555556,64522.67,64119.59760000004,Medium LTV
1364,53,14,4543.774285714286,63612.840000000004,68078.86829999994,Medium LTV
1365,18,16,9117.3675,145877.88,145656.01170000018,High LTV
1366,127,9,3806.6111111111113,34259.5,34977.706500000015,Low LTV
1367,194,7,10026.755714285715,70187.29000000001,69037.77679999999,Medium LTV
1368,144,3,3204.6633333333334,9613.99,11386.830899999992,Low LTV
1369,17,15,5360.284,80404.26,81819.77059999989,Medium LTV
1370,10,7,4479.044285714286,31353.31,31268.522500000043,Low LTV
1371,23,14,7858.113571428571,110013.59,110397.72759999993,High LTV
1372,121,6,9457.991666666667,56747.95,55688.01689999996,Low LTV
1373,296,9,7049.134444444444,63442.21,62646.6733,Medium LTV
1374,27,12,9507.1,114085.2,113307.17379999995,High LTV
1375,2,11,8931.663636363637,98248.3,96467.97789999997,High LTV
1376,43,15,6606.518666666667,99097.78,98368.80579999996,High LTV
1377,60,8,9309.76875,74478.15,74315.38670000009,Medium LTV
1378,63,7,6948.552857142858,48639.87,48215.47520000001,Low LTV
1379,35,13,9512.856923076923,123667.14,123101.99780000007,High LTV
1380,1,15,8123.2733333333335,121849.1,122540.81459999984,High LTV
1381,113,11,5483.443636363636,60317.88,60532.00969999995,Low LTV
1382,74,9,8290.544444444444,74614.9,74823.03910000004,Medium LTV
1383,33,6,9228.795,55372.77,55447.82769999993,Low LTV
1384,5,10,9465.027,94650.27,94678.67899999986,High LTV
1385,32,10,5372.2,53722.0,53767.411000000015,Low LTV
1386,130,12,9152.891666666666,109834.7,109323.0546,High LTV
1387,34,13,6675.257692307693,86778.35,87103.27929999991,Medium LTV
1388,44,10,11256.963,112569.63,112439.0994000001,High LTV
1389,8,5,13524.670000000002,67623.35,64199.09589999997,Medium LTV
1390,244,8,6559.335,52474.68,52890.34709999999,Low LTV
1391,18,11,6455.340909090909,71008.75,71250.70510000002,Medium LTV
1392,45,8,7311.5199999999995,58492.159999999996,59687.51850000005,Low LTV
1393,89,13,6072.157692307693,78938.05,78689.1486999999,Medium LTV
1394,13,9,6888.972222222223,62000.75,61660.59060000003,Low LTV
1395,25,11,9220.65090909091,101427.16,102472.24220000008,High LTV
1396,150,8,7963.7025,63709.62,63977.58330000005,Medium LTV
1397,31,14,8625.602142857142,120758.43,122123.57749999987,High LTV
1398,4,9,6138.75,55248.75,53970.155099999996,Low LTV
1399,8,13,7229.115384615385,93978.5,94136.61220000003,High LTV
1400,59,12,6435.8875,77230.65,76879.96860000007,Medium LTV
1401,37,14,10559.387142857144,147831.42,147457.99769999992,High LTV
1402,47,9,7542.602222222222,67883.42,67802.40829999995,Medium LTV
1403,134,12,6992.716666666667,83912.6,82389.36539999991,Medium LTV
1404,76,9,8326.833333333334,74941.5,74991.12660000002,Medium LTV
1405,154,13,10399.487692307692,135193.34,134572.54259999993,High LTV
1406,84,10,8037.022,80370.22,80396.65539999992,Medium LTV
1407,21,14,8655.332857142857,121174.66,124798.86979999987,High LTV
1408,50,11,10514.31090909091,115657.42,116144.53110000001,High LTV
1409,56,11,9896.212727272727,108858.34,109397.18780000001,High LTV
1410,167,8,4986.46875,39891.75,42360.7894,Low LTV
1411,21,9,9169.567777777778,82526.11,79953.50729999998,Medium LTV
1412,64,5,9457.405999999999,47287.03,47922.88549999998,Low LTV
1413,195,5,12571.42,62857.1,62825.171199999946,Medium LTV
1414,5,11,7546.308181818182,83009.39,83250.30089999991,Medium LTV
1415,0,8,7416.98625,59335.89,60442.78110000005,Low LTV
1416,34,9,8725.784444444444,78532.06,78460.17329999998,Medium LTV
1417,21,16,5070.028125,81120.45,81632.55810000007,Medium LTV
1418,45,11,6774.7072727272725,74521.78,74514.32440000006,Medium LTV
1419,47,10,6489.273,64892.73,64754.260200000106,Medium LTV
1420,54,14,8403.355714285713,117646.98,117002.04580000015,High LTV
1421,49,6,9540.6,57243.600000000006,56015.482999999964,Low LTV
1422,82,14,5941.0142857142855,83174.2,83222.90720000007,Medium LTV
1423,63,8,7676.6075,61412.86,61716.469600000084,Low LTV
1424,2,17,7809.3405882352945,132758.79,135094.48719999983,High LTV
1425,24,13,9128.033846153847,118664.44,117515.22600000004,High LTV
1426,40,8,9689.15125,77513.21,78325.88720000001,Medium LTV
1427,47,10,7648.158,76481.58,76905.21480000002,Medium LTV
1428,120,10,6493.732,64937.32,64981.71960000006,Medium LTV
1429,17,7,7829.349999999999,54805.45,54418.91400000008,Low LTV
1430,6,7,6311.341428571429,44179.39,44203.77580000001,Low LTV
1431,15,12,11982.6925,143792.31,138675.10320000013,High LTV
1432,78,12,9775.683333333334,117308.20000000001,116263.88909999993,High LTV
1433,75,4,7579.014999999999,30316.059999999998,32753.175800000015,Low LTV
1434,44,8,9171.380000000001,73371.04000000001,73717.85470000004,Medium LTV
1435,19,19,7793.124736842105,148069.37,146271.78899999976,High LTV
1436,135,11,8961.551818181819,98577.07,98960.62390000006,High LTV
1437,19,9,8086.952222222223,72782.57,72340.75100000009,Medium LTV
1438,55,6,11103.618333333334,66621.71,66777.66649999999,Medium LTV
1439,82,6,7324.72,43948.32,44014.27449999995,Low LTV
1440,45,11,5507.051818181818,60577.57,61341.237799999995,Low LTV
1441,79,12,9509.33,114111.96,112957.47509999997,High LTV
1442,110,9,7393.990000000001,66545.91,66180.63180000003,Medium LTV
1443,15,14,9526.907142857144,133376.7,134621.1527999999,High LTV
1444,48,12,8147.368333333333,97768.42,96703.6559,High LTV
1445,69,14,7762.53,108675.42,108667.88659999993,High LTV
1446,21,15,6704.2919999999995,100564.37999999999,100106.93940000009,High LTV
1447,31,10,6993.099,69930.99,70165.78490000007,Medium LTV
1448,42,6,8741.186666666666,52447.119999999995,52596.40180000004,Low LTV
1449,80,8,6968.505,55748.04,57354.5079,Low LTV
1450,1,17,8261.44588235294,140444.58,138180.3755,High LTV
1451,0,8,10564.11875,84512.95,88815.9216,High LTV
1452,247,6,7795.566666666667,46773.4,47373.284999999974,Low LTV
1453,68,7,3742.2885714285717,26196.02,27297.732800000016,Low LTV
1454,60,12,4858.455833333333,58301.47,58037.63099999996,Low LTV
1455,84,11,8837.46,97212.06,96873.9493999999,High LTV
1456,70,11,9301.622727272728,102317.85,101780.65560000003,High LTV
1457,119,9,9462.56,85163.04,85013.44860000002,Medium LTV
1458,284,6,10867.193333333335,65203.16,65808.18970000003,Medium LTV
1459,173,15,7199.362666666667,107990.44,104819.40220000007,High LTV
1460,107,10,8182.914,81829.14,81883.49979999986,Medium LTV
1461,4,13,6015.257692307693,78198.35,78511.92649999987,Medium LTV
1462,5,11,6642.582727272727,73068.41,73039.04520000005,Medium LTV
1463,57,11,8535.316363636362,93888.48,93993.97540000014,High LTV
1464,12,6,8460.423333333334,50762.54,51722.58620000002,Low LTV
1465,20,8,7345.264999999999,58762.119999999995,59631.83580000006,Low LTV
1466,155,12,9125.479166666666,109505.75,108384.76410000004,High LTV
1467,80,8,9884.067500000001,79072.54000000001,79910.51160000004,Medium LTV
1468,100,8,5245.34875,41962.79,42174.64950000002,Low LTV
1469,91,10,8618.666000000001,86186.66,86203.25630000005,Medium LTV
1470,118,7,6562.417142857143,45936.92,45994.02559999998,Low LTV
1471,232,12,10636.06,127632.72,126471.58210000015,High LTV
1472,83,10,10111.14,101111.4,101278.33860000012,High LTV
1473,162,11,9541.860909090909,104960.47,106011.41210000003,High LTV
1474,1,12,7374.544999999999,88494.54,88325.19659999995,High LTV
1475,41,10,7349.070999999999,73490.70999999999,73509.29789999996,Medium LTV
1476,25,19,8476.802105263158,161059.24,147560.58969999984,High LTV
1477,93,13,6611.076153846154,85943.99,86699.98370000007,Medium LTV
1478,65,11,8856.157272727272,97417.73,96943.68209999993,High LTV
1479,5,4,10100.91,40403.64,43197.597900000044,Low LTV
1480,3,5,8428.716,42143.58,43331.40430000003,Low LTV
1481,175,10,7309.556,73095.56,73017.8567999999,Medium LTV
1482,89,11,6377.981818181818,70157.8,71635.62889999994,Medium LTV
1483,31,12,7397.928333333333,88775.14,88607.6550999999,High LTV
1484,30,6,6938.721666666667,41632.33,42100.102200000074,Low LTV
1485,40,16,9235.445,147767.12,146522.3526999998,High LTV
1486,44,9,7196.8388888888885,64771.549999999996,64914.2985,Medium LTV
1487,25,6,6920.62,41523.72,41931.77720000007,Low LTV
1488,10,6,7263.48,43580.88,43887.49139999995,Low LTV
1489,36,8,3760.0025,30080.02,30369.57360000002,Low LTV
1490,149,9,6016.191111111111,54145.72,53290.96270000001,Low LTV
1491,191,8,10770.43375,86163.47,89864.32790000003,High LTV
1492,33,9,6206.957777777778,55862.62,53935.39740000004,Low LTV
1493,67,11,6661.715454545455,73278.87000000001,73695.56490000007,Medium LTV
1494,15,12,8711.7525,104541.03,103720.15489999995,High LTV
1495,47,8,14157.3825,113259.06,99355.56730000001,High LTV
1496,36,8,6033.6125,48268.9,48450.454800000014,Low LTV
1497,33,16,4696.59375,75145.5,76002.05739999999,Medium LTV
1498,164,9,7747.685555555556,69729.17,67958.51690000002,Medium LTV
1499,20,9,4252.248888888889,38270.240000000005,38060.93310000008,Low LTV
1500,37,18,4957.6227777777785,89237.21,90265.76559999998,High LTV
